node_idx,paper_id,Label,Split_ID
3655033,cc388eaec8838ce383d8a8792014fedb,,1
3655034,5d899f41e52f751fef843cf7b1d05b4a,,1
3655035,2b2004ec3c99a44b5cb6045ca547453e,,1
3655036,d657c4451a9617f4eec96d3b2e6092c7,,1
3655037,f02b02fac4a14cf1baa1c0b1b4c9f2f9,,1
3655038,fb170ac49aa1a9a968064ab71723d775,,1
3655039,04f1f001dbad9b76c323357298d6c454,,1
3655040,c40e4778bf909c0818fe15e8d3450b92,,1
3655041,fdc542a8e5771ab9b8fdeeb75889fffc,,1
3655042,156308e61d6a73198008b564fcdded33,,1
3655043,2647e34d2c076e3ebd55c54d43a9a3ae,,1
3655044,efd90b1572a8a2b2ecbf009817b1e228,,1
3655045,c66b12dd249f5680e538eccda3fdb858,,1
3655046,38206a0059a398b12b7594890f5a0967,,1
3655047,0a525bd4fe5453d529b6d6128ff4dc7f,,1
3655048,dfa7e0dd263c9c110f3cac9c03e80994,,1
3655049,e741f4cd0a4b363e58761486f62fd6a0,,1
3655050,30ffaf685d1d355496d60644badcb57e,,1
3655051,4051eac1e2354822a79dc079ea52fd3a,,1
3655052,9f0fce24e709f754d14dcee45c147944,,1
3655053,1716737ededff79882259c0bdfc114de,,1
3655054,a0b2cfa9211d2a1b1cc4ea141db11679,,1
3655055,13d5245d1f161800d866c8524c72eb67,,1
3655056,6a3af9533b7dff0818612ceb1434eade,,1
3655057,2dba116e7c1720edb01df9b738093251,,1
3655058,d5b72404afbf4a37c6a8a61985f0b475,,1
3655059,7d3b0311c66207124c8b9610769bbd70,,1
3655060,475ddd7702dff466f507583b20d8250e,,1
3655061,16cd95b95f13ed3f44551729788f95a2,,1
3655062,98882b230bfb7aab449e9a06f7b1bafe,,1
3655063,f39f355740b00abfd43d506e7d4fc282,,1
3655064,11b77bd33918200cae3f392091a7e9be,,1
3655065,01aefb27438427d825ca910e81286102,,1
3655066,d907a059de4cbc845e3e8dec695dc072,,1
3655067,b55f46a5aecce5b79f80a3503ac695b9,,1
3655068,576fa3e42983d96ec845859e8313bc36,,1
3655069,b3adf79985f13892d11407b74844a9f0,,1
3655070,c3ef108d5b39e9369943199e04f5fbee,,1
3655071,a2b92f2a722d5d0ae4ef23afe5e0cc35,,1
3655072,969033aed5ef2d165428a27abc34f0f4,,1
3655073,f617147eb2eef4fb84f4f170f558df05,,1
3655074,2843caafb1388bf152fe61c4007a3983,,1
3655075,a40185f047d15210c68a282f95f45472,,1
3655076,29112c73762f921dfde4add22a821af8,,1
3655077,39df943db3e29bd336e2af068f056888,,1
3655078,62a6dec353fe3ba37889d971fe8f4c42,,1
3655079,2e5e45e3e52b4e7b4290d2c11c2d82d5,,1
3655080,87f232f168271a544d9487393939de60,,1
3655081,a65c56a230ac5fc55eb5333fdde1f9b6,,1
3655082,977d076b0f30b5eaedf0ed633b53aaa3,,1
3655083,2787eace9f1d1dce6fa386c854ff746f,,1
3655084,a653e559776ab5dc0e3fbce52642790e,,1
3655085,0da3f1b94b7c21daef39862b7982ff58,,1
3655086,226056b4d5154deda7f1c953172d2a10,,1
3655087,28836602e56f22b4785574eaaae297c1,,1
3655088,8b630c72d06a41777b5a17d8b0fe2919,,1
3655089,a7810cbdcee6b44f14d79e77caa97246,,1
3655090,635750834ea5b48d3a61c359b86df297,,1
3655091,9bcf718c909c5fa1ae54d5aa6244e41e,,1
3655092,0883cebd8d6046d339ca359a91b11c8f,,1
3655093,9d4114c20f2eb68e63bbcf6e0d40644e,,1
3655094,e6a8af60ffa70f35f8ebf84ebde4d22d,,1
3655095,344c1f96d3ec8c339176d8626169634c,,1
3655096,0485efc84c88b7e29f9938d85d8e3586,,1
3655097,8c7d5394da2c0276630c4cefb84aee1a,,1
3655098,b24a807cea4244a6141f2c1af5e2e4fc,,1
3655099,d9453c60edaa6a8c50f873a797aa41f2,,1
3655100,c18e1fe2003ead9865ee6a6c10cca628,,1
3655101,d536f576b0ca8ff40aa30beca2187adc,,1
3655102,5f7573936995f8f32baac5833fc808af,,1
3655103,6dd0ce6567101512a6f63a5f085053db,,1
3655104,21e059ee5e0ccec275611cceeca82703,,1
3655105,499338ba24fbeb70fc56783b6a43e789,,1
3655106,fcff9044e0cc2e4401a17ae4a7cd3cd3,,1
3655107,45d97f2c16531c0bb2242c6e64379c67,,1
3655108,11fcaf4cee6a923597b9bfb9275de457,,1
3655109,da5eda9481ffa81004f07e6d022a512d,,1
3655110,b18194bc9dfc8c1a64f2f0183136818d,,1
3655111,08fbc0b8a0cf0779dbaf96bece947613,,1
3655112,2e76459a416dd88ac848ad6cfd468e3c,,1
3655113,0a21d03b77430707068a80d434f5e06c,,1
3655114,6c3a882b6c58091e87b418d1972a8387,,1
3655115,fb40473c0a8288fe34279f8ece2f5207,,1
3655116,3390f9a7e9814fac67fd1299cb6ed49a,,1
3655117,b91b7d82ef787cbb2014d57b32e32883,,1
3655118,fb53e53a3e739d1e47a5444a5076b3e9,,1
3655119,4ff8ddfdcbacc1e6e3da2d10904136c9,,1
3655120,b22b1aaea92927c9c91a1c3084e980d7,,1
3655121,cff9529f30043e2ffcf294acf0bfda4d,,1
3655122,99deea74881e851a7456ac05bebbe8c4,,1
3655123,26d1660d8b9bbf203a2629ad4f125b24,,1
3655124,443e4a8c747ce878d9dd27438106e6ce,,1
3655125,7f1122bbcf422da3dedcbc9d1361a684,,1
3655126,64567ec8cb6083df803166bb17cb0216,,1
3655127,8c010dcfd8d7a43af2c93a5bf7ca5641,,1
3655128,db1970c4dfd9e7729c94f88b0d6fc7b5,,1
3655129,fe40ad43ba40e5a17efdfb3e57ca29df,,1
3655130,89a08a9ac4e1176ab6f573568dc80ebc,,1
3655131,28c2a6344d190059814770dd7406a73d,,1
3655132,28e733b33f34aa9f28569adb55ba7375,,1
3655133,cdd9abeacd26103b31750e40ff9c6970,,1
3655134,49d14736d9672ef8168140713ecccb38,,1
3655135,bbbd7e28bb9da8c1381842468074f334,,1
3655136,02fab64c2e07d2f337b399eb42780d65,,1
3655137,4212b72d6affcf46bcc5c20f3293915e,,1
3655138,2fa73d3e7788e82d5af17c1c938b2de7,,1
3655139,be8aedc9a6980e5d52d55710fab04bbe,,1
3655140,a5004aec351c2b38c662dfac65069df7,,1
3655141,33cb5d4e1968d59fb5d7309ee83d6c1c,,1
3655142,c6f1e7660f34b716c3290b65b6a1adb0,,1
3655143,e9bda0d9e3d56eb59313950edd34a407,,1
3655144,da7f6c777abe0aa3849e12eb80c93bc2,,1
3655145,071f085432e6bce9384a520523b2a5ac,,1
3655146,de324af60927e282cf0de443d6198879,,1
3655147,b2de3d11f259e4d8bae32d00691f33be,,1
3655148,2798a9f61cb9c91775ada1c17bd0d7c2,,1
3655149,333db1f41067a52305926cd70ea46e25,,1
3655150,d3a6e16dcbc3099765ffbf48ab78dec2,,1
3655151,d64b702efbce56749f5728f7870411b2,,1
3655152,06d5e8f3e23019f818fe9051687b94fe,,1
3655153,044c191df7473b19024725412a8760d9,,1
3655154,95b912ac82a5812df885c45b3c786c76,,1
3655155,3bcd85a3672a8d2c50fb0dd56c1fff83,,1
3655156,369a129672b9f101b5a271a71edcb96c,,1
3655157,5274b4fb2efc43c7bef1cc561c0d7705,,1
3655158,98567461c0aebbfa1199162360f8a9d7,,1
3655159,c418118eab1f208cbe0b073d07d421c0,,1
3655160,612890660df30b522de9b61c2ee585fe,,1
3655161,0811784e58c95613c1e81b9f7ba27537,,1
3655162,c3c3dd23e9a3e5479600fc5a5e9d96cd,,1
3655163,95af317227ed997ed5d9846351d1566b,,1
3655164,264a93ff7f469cb6631d08a0a0070276,,1
3655165,568c4f65de5cc6fc7755231063c01d87,,1
3655166,a3c376c87d1ea414cfd4dcdaff674e07,,1
3655167,ac01fa42bd335798858d3522f33186fb,,1
3655168,abe7436dc34240434d55b8349d6fd58f,,1
3655169,8489b951c95dd5f82bbc849c44719183,,1
3655170,d1c9fdc2b771947f875bea9e3d6e635a,,1
3655171,aca956680a6882ded84d0fffaa3e0ca3,,1
3655172,cedf701851e7193d4cabfa429bbbf992,,1
3655173,6cb9afea35af5ea29396900d9b7bdfd4,,1
3655174,3bfbb0d37ac9e847e2d865b1dce843ae,,1
3655175,a392ba28557ca9fd268bcafbe44873bc,,1
3655176,d4cd5d267ca420076157b409e08af8f3,,1
3655177,873c1e6533d8996c321db7c2fec746c9,,1
3655178,4d96c36ce9cb1b85d7b905b53d5fb473,,1
3655179,d5f9473272239b98ca0b2612cfb12497,,1
3655180,43940c94613bc31e8a34fe656243fff2,,1
3655181,0b73ba5b6747b3990935abcdcbc10377,,1
3655182,8170a7a8019184937dbf1cd3721043bf,,1
3655183,c570d537d9739d719e8699ce6fdc9f2d,,1
3655184,21f973b9d6b5c294d9ccadfad58fab70,,1
3655185,04678c0a912b811cc1acb3dfe5a6dd6e,,1
3655186,a89feeb7a6b88ebc0457ed2bd6fea5a8,,1
3655187,43bd02072226da24e3552b06c1463975,,1
3655188,fdf23375b57c2769c171a7be7ab354e6,,1
3655189,90de5bf461fe8d31ef2342db3f29cd42,,1
3655190,c172850466ec4f910f5fcdf27e410945,,1
3655191,e4f5a07253c009524ea1722610878480,,1
3655192,b712c45099f51e6893ac34972a015d6f,,1
3655193,d8d207500ffc9ec9f19396cf92714e80,,1
3655194,8c0b99206a1ec2a77175beaa68d7dc2b,,1
3655195,1543f8b953955a778facf26134e4be78,,1
3655196,42ba4b2d335ad421791608d6dc04708d,,1
3655197,c2000286778acff74a89eff39d5c1274,,1
3655198,0932b9a41f54e831326d51cf60840e7b,,1
3655199,ea455f74f6982ce7d0c4c462bdcd294e,,1
3655200,d6aec80b6c201c9fdd5efdf29912c87c,,1
3655201,e21e2299f9b06feeb14573be2669056c,,1
3655202,b7a91348091babf6bba99ad8c4fd611e,,1
3655203,08a65535175d9324c3000dcbe9ecd34f,,1
3655204,0e21eb6bdfa547371f0c4e7d7fe5c496,,1
3655205,6ffb49d7c4087e4c20a395729174dc3d,,1
3655206,677397a0a8b67779d16b917f5f0d79db,,1
3655207,88e936c1593474b2c3f813fb5880fa72,,1
3655208,d73f20b1f114e02da0e5b4b860f9295f,,1
3655209,ecba0bf5a333e34f61ddc9d4544dde54,,1
3655210,19445a78dd70907f584a68a0ecca6903,,1
3655211,2d0cb38860db0e1cf915f45535359104,,1
3655212,b4e8232a0f24b9a4010f1c3b385fc60c,,1
3655213,7b08a2a71a5c3bc1f978674346f9fc8e,,1
3655214,f3676333c8e6facac17f32e76897e8f6,,1
3655215,f426425d0dbab5f0a43b9cd2fd787140,,1
3655216,456f065797930ef5aefbb4afd694a4f5,,1
3655217,320376915d1a6cfa322dbb2d9db84e50,,1
3655218,a9ee7f2cd716e7c48c5d4524541dc9fd,,1
3655219,45dcc57979c7a9ed77c3bd591e403fd2,,1
3655220,6676af09e9189cdc7065afde13f37c00,,1
3655221,6e7bb4b059fdcdca3ad9bb121a12f0eb,,1
3655222,8f6f8de965a620edaffadbd97cdf7965,,1
3655223,d0e47a7b60c0c5f788d1c97fe5a07a95,,1
3655224,e4ab0abe7e961592996d3fa8bd133b73,,1
3655225,4919c47220d019a55e23ab4755e73f11,,1
3655226,dbf9539196f47b9c3eba57259c95a1ee,,1
3655227,e3900b70d9aa785243db1b9c58adc3c0,,1
3655228,fca3fd81bfde7eeba3d3e6fbcb96a571,,1
3655229,03f57ea388ef29851991568cde144a4f,,1
3655230,c43f76c7034a062da76b5a38f404fe44,,1
3655231,efc5ee55cf3ebf5fb50cc601fc988539,,1
3655232,e629c65b0baca0f26ca16ab1f7eb895d,,1
3655233,98f640cc0665eadb9c2b3eced8774698,,1
3655234,fe08c22ac718a333fa632bc6dc1a5d14,,1
3655235,370ef3bc6b9555902cb1c7788e9d4d42,,1
3655236,5c78c368155da4f473a125fcf70e5625,,1
3655237,ed62ba98dd1869f196cbfe4fd2cd769c,,1
3655238,fa20162c1f3cb43a58896e53f772cffa,,1
3655239,20dd1969e1d8f9e18dce39ba7b8d0082,,1
3655240,f9f56169ebdcba9c382e0e3eab53c79b,,1
3655241,e48ff9b01fb85291e28295b4ba0da161,,1
3655242,338f4d067aaaf6edec6b6a1de64a0f30,,1
3655243,5d25c3e316e4708826f5b70216a1bb62,,1
3655244,cf7d61050463e26b9bd2c9ed13fc29f1,,1
3655245,1a0025cbe3ac1890acc0ef7946e3d866,,1
3655246,5fd51bdbb6ffa732e199b4e1154ee961,,1
3655247,3cf39d12cb73a6063c1d872c2f7cb472,,1
3655248,92f7fff58ece99df6467a275772885a0,,1
3655249,dee2bacc5cd6078229b0f871788fcd28,,1
3655250,34f3ebaeb0d030d9fd068c5dadd1ed42,,1
3655251,28c5cc9eb66ce2227a307a2a603d4d9b,,1
3655252,30fa6d5afdb0f86d78075df1fb13f5bf,,1
3655253,38cee521226160dfdacaad8f5416a79e,,1
3655254,15373544e0782df3fba251c77890a934,,1
3655255,4f241c3ea0d06128f5fa36e0cd14afd6,,1
3655256,cb99dcd541c68aec78cd1939fdcd592d,,1
3655257,0ce629c79af260784a2a94267403267e,,1
3655258,bb26b3149f7f19fe5948089573e7101f,,1
3655259,80e5d4137ee461919729061d34539f11,,1
3655260,d68dba25642fdab21d5645180ae0320d,,1
3655261,26e9f37835b7f08c68877dffe8f28124,,1
3655262,478feb83db8e741e41a5ecd57362f2be,,1
3655263,6379e433049333fb0ed6220d77fdd59b,,1
3655264,198037962c63e434b569c38e2e198c94,,1
3655265,ffa6a36e0d6172be6a3938d56d48d13e,,1
3655266,e7c067a1f5ecf3ef1efcc6807c1265a1,,1
3655267,277b819f3b17521a602e386929b71d1e,,1
3655268,ef4ff973164daf8629d8662dfc4d1136,,1
3655269,9814f0aff7cd0e8862843c3fdd334d43,,1
3655270,63950134f8a79142e573e6585a702e27,,1
3655271,deb4baf1e1e88a055d65255475f30061,,1
3655272,3070638fa1f0f69d1890179815dd9b39,,1
3655273,fb1398efeb355683a0781b70e082a5b8,,1
3655274,8439f19b73ee45daa48589f7f35400f1,,1
3655275,eccf7e8e27fad45dd11cba6ee2db6c24,,1
3655276,c55d61d00cd0261c40222ec91242c276,,1
3655277,7d74cdb64c9f91376510140a6118a15a,,1
3655278,223bc5a76070f22fc071b8f4bf139ec0,,1
3655279,32009e013aafee1d4bd561f0324f93f6,,1
3655280,6fa12ad11ec30c61ff6926a6e2e4188c,,1
3655281,e8d3a0fa5506b146b3cd197ff23f1b78,,1
3655282,83374fc803a33c2550a985e254f536ae,,1
3655283,fe3fb7c0ce43986863f874eb2ab0ea45,,1
3655284,7885f9a030e305e5d0c03d57f3e22cdf,,1
3655285,d00c58f7215eadfea656370dd151993b,,1
3655286,6f6bf21196893094519a32f6e9560dd2,,1
3655287,ace40269627c62c47586c92e315c551e,,1
3655288,bb848ff4547cdc1441920f03de987a19,,1
3655289,3cfc7696144f0e68e654a1a8799d5ffc,,1
3655290,d122da2f61664f631a94b81a1c71da61,,1
3655291,94baefb5d8e1d105bdb8c011d585fd11,,1
3655292,94bc7cf0291a613017191e25ef813954,,1
3655293,5c24b70fd992870b5f751477ca63b5bf,,1
3655294,e867ff01ed6e71135bcb1309baeac9df,,1
3655295,1f45d3c022822f5a8b79dda36607732b,,1
3655296,b2be625a53fc00214b35bc494179941e,,1
3655297,567f9aa234ab88634ebad500f0cf8a8f,,1
3655298,aa942ec814f1588fb283addb6fc640af,,1
3655299,6903ee5a59ea2ae82f1b64d064846fb3,,1
3655300,d01a2db9c66fd3bf8e4b11d2aea48620,,1
3655301,bafdcbfd4444d4283e7ff09caeb2d6ad,,1
3655302,6bc9798c13ec3cefc6420c11f578b27a,,1
3655303,6797d8f5883fa9c2c2abafc9a7865e9e,,1
3655304,619dea9b177d93218de8e0badef0053e,,1
3655305,04a0b3f966230540124c3ac5ba00aeb2,,1
3655306,2e6fa84b5c6d9f540beb4f8086bd71b8,,1
3655307,8f0e1f48926c8e1e89856bb32248234a,,1
3655308,f5d7564103a808816c87367978e5c627,,1
3655309,e8399ef80e8d3b4eacaa8aa40077494b,,1
3655310,13ad9e26cf672ee2da9a37fb0d263524,,1
3655311,c3d1bf569c364b508a2f6f0240423502,,1
3655312,1aeb542c76f26762225eefa06abf3cd0,,1
3655313,55448eb8e995a348ae99567979b65808,,1
3655314,6914fe455184aea5827be70f72f4dce3,,1
3655315,57abf1b69a013d630af3f131b16055fb,,1
3655316,202175cea65e4d8f4c571eb08bda1216,,1
3655317,6e1308fa4e0d9d8e5624499af7854aec,,1
3655318,ec98b76cc16e07b675d289648f0c5b66,,1
3655319,298769f6160791eb44335effb7d42cee,,1
3655320,ba640e394d1af801b0606619dfdf7e5d,,1
3655321,36f1060d1dec7b56add7ac57ec142e55,,1
3655322,a14bc4c1466c707138605f83a3826a28,,1
3655323,990eb261e3fd3c5f557c3002a039f700,,1
3655324,5187fba66863da3d2b8c073545458e8f,,1
3655325,9e0fef43792dd24ea6e26f392ce4fb57,,1
3655326,591396ede62dfd7dcb185c8c085aec57,,1
3655327,0243f0c46a44b881e7fc68521bff4b6d,,1
3655328,751306523aa9aa4f99c9afe4d655be54,,1
3655329,cf600b8a4854998eaaa159e76cddd3cc,,1
3655330,2a5229f90f47bf901fa0f9449c9aab2b,,1
3655331,38c19f1e7690f7d9ba317c0d3734aa25,,1
3655332,9169add6001204711ebcee4eccd03a01,,1
3655333,cccca0390174b41afd22314d593eda37,,1
3655334,da1b1f8bcf6a01039a966ea7b3ef5b1b,,1
3655335,5ee7831b090e9349afd0f33d811378e0,,1
3655336,a6bb84f27f4d312f8468c8ec58f5bbd6,,1
3655337,0c671f300b6d2a12a5db3adb15e5333c,,1
3655338,decc6cee8d8dc1d5136e6f27025f0756,,1
3655339,0d26f8167da383d05310d3bafd53cfc9,,1
3655340,f62c58783a41f3e6d160e05b43c2c636,,1
3655341,3d028507f2183930ef3a305c241af481,,1
3655342,a11d569bec5e46a3df45e276fea5d7b0,,1
3655343,2a3c54a522d422f5a47b6a6da0eb8892,,1
3655344,d739f18d3f441f33254e6b955e0de61d,,1
3655345,060a7cf08aa46e86bf4dd90b9f210e9c,,1
3655346,66c0b59f011575569fac9e80cb6a178b,,1
3655347,df1593cfe0a7cdc34d8c4de740d16ec6,,1
3655348,d2ecd4dbee9efe8f1e1b14de0fcf341e,,1
3655349,8a71ba33dd45d68ab6951ca1c7ccc7c0,,1
3655350,db44a8ef9f4d5d4f91e1eef4eb364a45,,1
3655351,60ee101afdd8141f28dc0d099b519151,,1
3655352,4e5e54591cba75f04a27cf39ff614c9a,,1
3655353,1dbbb0dba6092493509f600a594aad01,,1
3655354,ec13795bb58872fb365dff78cdc40248,,1
3655355,916299f397294a7c790967e10669c6c8,,1
3655356,e464c8d08682de7cdb854046c8a44589,,1
3655357,0d4803f00f27fc1f3fa6d868ea51e726,,1
3655358,befea61e12d84e237a9b8193077d3b71,,1
3655359,a8e6036ec472206c8ed16837d09436f4,,1
3655360,1543c217905e9ef7d250d832e878ae4d,,1
3655361,4be2a57e4e1363ead0738a9295625870,,1
3655362,16a1a2cd74610c529b99ebdda34cbc14,,1
3655363,48090aa43f74ae7a5c4b71565436c570,,1
3655364,c330d809be635bc16f30e7f9cb34452d,,1
3655365,f7a2f71b0e212232a39fb0163dacb6b9,,1
3655366,bc862a63544000b1ba196f0975391cf0,,1
3655367,9ca27d3cbe77a2b652d31cd3a53af81a,,1
3655368,b90448da9dd50535fd94db9378d70514,,1
3655369,3774bb87e3841dc54313010c41306f15,,1
3655370,e3966a863e2fe10be351a89df06ba647,,1
3655371,356d38d98f11eeec2ca411ae048f8736,,1
3655372,3eaee1e04b36baaeeab51389ed8e1512,,1
3655373,c38c234961c15c1ff85d38248062a732,,1
3655374,d65871f226f9cbd0cf0a45cd6c06e7dc,,1
3655375,f781cacde2cc5adf448f01b0b55cc95c,,1
3655376,b3191e6d25f2555fd4d8417d91836dca,,1
3655377,d8e0d77ef7e9c9e95472a278e6562f26,,1
3655378,a5d71582646c9d3945e351c9bf808d5c,,1
3655379,229c644a1fd002d1e333ff4642aa1e23,,1
3655380,5754f7fa645ad60c3a5a1e35eb6d375a,,1
3655381,fa5c7e4dff22cfbf943035bb9e0bf1a3,,1
3655382,fa708297eb9355b5bd4e6e19e92ee744,,1
3655383,5eab998230b6ec430dbc6260332c3dae,,1
3655384,1ef77a33b249d2407d6d26bd3a2b9020,,1
3655385,f5be6a4b61b8ac8a0c890b62b75e63e2,,1
3655386,b5fd548a6f94863e07ee4f43e8063875,,1
3655387,6b08d8bf5aac9246a7efd4a4b5cb874f,,1
3655388,a34caacf10dbac1d561d6e5775228b64,,1
3655389,9d5a4bfe158319c238506a3f15f310a1,,1
3655390,d3348ecf0b432df2c862ab4b5172dd56,,1
3655391,966b23f9b7ece1ea39344af65aace53a,,1
3655392,9f0b020719fd13b77c696cf6c166357f,,1
3655393,1e9d374533c6b43cf622c0f0d2544736,,1
3655394,89cc6e22536fdda3e6d7d62397a9b4ef,,1
3655395,4795ebb658d750d26513be61a0ce31dc,,1
3655396,56ccecfe0c69cace4fd0dffb3362e887,,1
3655397,27afb29c8485f3d3b23b1937f1ba13b8,,1
3655398,bf53e6ab01d0dfe78cfe0db65db2fb2f,,1
3655399,f1462cc3cdda55b0a774da9be228b6c9,,1
3655400,5f31fa9886c29417b7a3194619c8ece0,,1
3655401,2e7782def4982a26a4acc668a43f60a7,,1
3655402,f266ac8b0d2d3fb8d8f00ded59c19763,,1
3655403,bf3afb37db75b68aff860f1f1313044f,,1
3655404,0bd98630adc84b9e06d71f45cde5514a,,1
3655405,06f8975d6c522c33c44d35dba673e904,,1
3655406,a656bd648f2a6a6f231698c8b8818b49,,1
3655407,23673a8758994839eab54175c3c699e7,,1
3655408,891b5fbd1343e926c4e196ee4319bfad,,1
3655409,7bb5964f92be69b9c1af7d86e1a5541d,,1
3655410,64856d9537919e8f5dd4887117bd1aa1,,1
3655411,86d02e818f0bed22a073f73e9967c0ca,,1
3655412,3b820d766eab39b1d1bb5d6158a393ec,,1
3655413,d3870870c1d87037faadd7f9aa1f3b9c,,1
3655414,50b868128e685b91f90f04171fe52ef8,,1
3655415,dcf4bd69f5aa56ab5589db9f36d401e3,,1
3655416,395c79f681e0e39dd40e125207b7c07f,,1
3655417,363ae9190b57dabb4c2a5e9b83bfe7c3,,1
3655418,2f5e5993ec042dfd94510a0f0bb76d19,,1
3655419,366f5937e7ed491c5bca31151b63784d,,1
3655420,25b78cd815501a9259c40908ce1212e1,,1
3655421,46bc040f0f5451676a52cc5d258c4263,,1
3655422,8a2fdb5e3759c8d547dafd1abc794a53,,1
3655423,9bb2df3aafd550c1fe5278e4b3b64683,,1
3655424,4eb465a114fd729a12a831a7a6ac83f0,,1
3655425,6816e538045e2e9937121fc2f1890973,,1
3655426,65eec1fca9d33add1f93f2b554dc68aa,,1
3655427,2f139489d032de493e7d48fbab19c3e9,,1
3655428,b7ba65cad43f42e56eb28626ade883c5,,1
3655429,53b4167d73437e29d9c55fc0f98c00f2,,1
3655430,91e7cb7b2b4aef5ea6d9c6fea244a467,,1
3655431,1487ebb1ed9d0cc9cb773c95953e3743,,1
3655432,0281d92db9f7788c975b3205caa5b949,,1
3655433,a10a0aff02dc202455f035090463e9f2,,1
3655434,872cdafce5796794d0902bd72f305600,,1
3655435,d7baf5088fd187cd33f1c4d45c2568b9,,1
3655436,8850aae59f32b09342c510475c2f63b5,,1
3655437,0047f4757e52c136231aa6718e0b398a,,1
3655438,ff275815bd48f5a58c5b034239737f33,,1
3655439,415865994e0f09df1c5339b7f58c90ea,,1
3655440,1a1abc947ed82cf39d14324aadf53fb3,,1
3655441,97fa8509c4c424bc10fce81ef548dc9a,,1
3655442,e98c334056859a6ed10b57678592e08f,,1
3655443,e4a55811c382c2ac31e2fa01b3b3b078,,1
3655444,e6565dc8aac2eed3088844a4b532d5f2,,1
3655445,66f645abd15b8a65a01103203adf9091,,1
3655446,d966cc4501ea8478465e4ac60dff416e,,1
3655447,ce9f6a2278633a2dd47838b5e62e15f1,,1
3655448,caed47d55d1e193ecb1fa97a415c13dd,,1
3655449,c82eb6be79a245392fb626b9a7e1f246,,1
3655450,926a31f6b378575204aae30b5dfa6dd3,,1
3655451,bbace2419c3f827158ea4602f3eb35fa,,1
